prewriting_session_id,session_id,prompt_code
797428701e5b4e80b9dce3e6a5cf9310_prewrite,797428701e5b4e80b9dce3e6a5cf9310,corporate
3f2ebf5899394e3bbc7ba209b14bfaaf_prewrite,3f2ebf5899394e3bbc7ba209b14bfaaf,corporate
416b1836e7c5417caff199e099eb545e_prewrite,416b1836e7c5417caff199e099eb545e,corporate
d48f58609fa944b3a5dd0cca4bf298c5_prewrite,d48f58609fa944b3a5dd0cca4bf298c5,corporate
80d31c9b04b1470ab89b71dfaff778fd_prewrite,80d31c9b04b1470ab89b71dfaff778fd,corporate
24f0f01ee25c44e8b752282b2f04d56a_prewrite,24f0f01ee25c44e8b752282b2f04d56a,corporate
b65e7336cea64d238187262bbd3a0d22_prewrite,b65e7336cea64d238187262bbd3a0d22,corporate
e7ffa28f91ab43eca116ebd1c73e1bb8_prewrite,e7ffa28f91ab43eca116ebd1c73e1bb8,corporate
42de105adb9e44cf843e67e77981dd64_prewrite,42de105adb9e44cf843e67e77981dd64,corporate
c8f764d129a94b15bff165cf0bbc0f68_prewrite,c8f764d129a94b15bff165cf0bbc0f68,corporate
5a42e84c55c24b0ca0926a7daa5b1836_prewrite,5a42e84c55c24b0ca0926a7daa5b1836,corporate
ff1b5674aad443c8be69199fc388d2cc_prewrite,ff1b5674aad443c8be69199fc388d2cc,corporate
1f33ad46d4d947ef9db78a3af0508061_prewrite,1f33ad46d4d947ef9db78a3af0508061,corporate
c43641a931b34f82889ee1cc73aa94ce_prewrite,c43641a931b34f82889ee1cc73aa94ce,corporate
7f98d92030e24f0a9e7e82b3c39110cb_prewrite,7f98d92030e24f0a9e7e82b3c39110cb,corporate
ca24588cf4da4de19851c7f1c1dd0c64_prewrite,ca24588cf4da4de19851c7f1c1dd0c64,corporate
dd6999f69ee3407f825c62a0f321d379_prewrite,dd6999f69ee3407f825c62a0f321d379,corporate
8fd3f701f35b496099a221ba33f2721d_prewrite,8fd3f701f35b496099a221ba33f2721d,corporate
c72edcc9f1c0435987e50526a6a4185b_prewrite,c72edcc9f1c0435987e50526a6a4185b,corporate
f133f1cc9ca044229c28fa66c32e6aa8_prewrite,f133f1cc9ca044229c28fa66c32e6aa8,corporate
49f34b928f3c4f2b913d856d2ad804f2_prewrite,49f34b928f3c4f2b913d856d2ad804f2,corporate
c3b4791997de42e5b3d966eff3264d72_prewrite,c3b4791997de42e5b3d966eff3264d72,corporate